quarter,supplier_name,avg_negotiated_price,avg_price_charged,avg_savings_per_unit
2025-07-01 00:00:00+05:30,Davis-Williams,190.7776923076923077,257.2115384615384615,-66.4338461538461538
2024-01-01 00:00:00+05:30,"Romero, Gonzalez and Brooks",198.8600000000000000,59.2275000000000000,139.6325000000000000
2025-07-01 00:00:00+05:30,"Garcia, Yang and Gardner",204.2920000000000000,147.4980000000000000,56.7940000000000000
2024-01-01 00:00:00+05:30,Anderson Group,178.2600000000000000,61.0366666666666667,117.2233333333333333
2026-01-01 00:00:00+05:30,Baker and Sons,199.2600000000000000,20.3900000000000000,178.8700000000000000
2024-07-01 00:00:00+05:30,"Romero, Gonzalez and Brooks",198.8600000000000000,47.6050000000000000,151.2550000000000000
2024-04-01 00:00:00+05:30,Clark PLC,182.5390909090909091,183.0709090909090909,-0.53181818181818181818
2024-10-01 00:00:00+05:30,Trujillo Group,181.9500000000000000,137.0850000000000000,44.8650000000000000
2025-10-01 00:00:00+05:30,"Guzman, Hoffman and Baldwin",199.4833333333333333,39.5344444444444444,159.9488888888888889
2026-01-01 00:00:00+05:30,"Le, Maldonado and Herrera",194.4266666666666667,523.0300000000000000,-328.6033333333333333
2025-10-01 00:00:00+05:30,"Baker, Richards and Hurst",185.0858333333333333,106.1875000000000000,78.8983333333333333
2025-01-01 00:00:00+05:30,Burton Ltd,197.2500000000000000,126.1760000000000000,71.0740000000000000
2024-01-01 00:00:00+05:30,Baker and Sons,188.5933333333333333,87.3800000000000000,101.2133333333333333
2025-07-01 00:00:00+05:30,Blair PLC,197.2500000000000000,57.6420000000000000,139.6080000000000000
2024-10-01 00:00:00+05:30,"Brown, James and Ferrell",188.3900000000000000,402.9866666666666667,-214.5966666666666667
2024-01-01 00:00:00+05:30,"Lee, Jones and Stanley",207.7100000000000000,272.8500000000000000,-65.1400000000000000
2025-04-01 00:00:00+05:30,"Baker, Richards and Hurst",180.6150000000000000,82.5300000000000000,98.0850000000000000
2025-10-01 00:00:00+05:30,Burton Ltd,197.2500000000000000,158.0825000000000000,39.1675000000000000
2025-04-01 00:00:00+05:30,"Reid, Ferguson and Sanchez",204.9000000000000000,544.9000000000000000,-340.0000000000000000
2025-07-01 00:00:00+05:30,"Le, Maldonado and Herrera",193.0980000000000000,394.8560000000000000,-201.7580000000000000
2026-01-01 00:00:00+05:30,"Baker, Richards and Hurst",182.2025000000000000,80.0850000000000000,102.1175000000000000
2024-04-01 00:00:00+05:30,"Peterson, Carter and Moore",190.7537500000000000,177.8550000000000000,12.8987500000000000
2024-07-01 00:00:00+05:30,Maddox-Valencia,191.8100000000000000,529.1800000000000000,-337.3700000000000000
2024-01-01 00:00:00+05:30,Chavez-Flowers,203.2900000000000000,89.0387500000000000,114.2512500000000000
2025-07-01 00:00:00+05:30,Burton Ltd,197.2500000000000000,62.0383333333333333,135.2116666666666667
2025-01-01 00:00:00+05:30,"Ashley, Nielsen and Sellers",196.8400000000000000,53.0820000000000000,143.7580000000000000
2026-01-01 00:00:00+05:30,Johnson and Sons,186.1800000000000000,148.6688888888888889,37.5111111111111111
2024-10-01 00:00:00+05:30,Nelson-Schaefer,205.3000000000000000,109.9900000000000000,95.3100000000000000
2025-01-01 00:00:00+05:30,"Brown, James and Ferrell",188.3900000000000000,495.6166666666666667,-307.2266666666666667
2024-04-01 00:00:00+05:30,"Garcia, Yang and Gardner",192.1150000000000000,116.5125000000000000,75.6025000000000000
2024-07-01 00:00:00+05:30,Brown PLC,204.6900000000000000,222.8180000000000000,-18.1280000000000000
2024-04-01 00:00:00+05:30,Robinson-Bright,190.6928571428571429,210.3607142857142857,-19.6678571428571429
2024-07-01 00:00:00+05:30,"Reid, Ferguson and Sanchez",195.3033333333333333,425.3044444444444444,-230.0011111111111111
2024-10-01 00:00:00+05:30,Robinson-Lawrence,189.4000000000000000,136.4421428571428571,52.9578571428571429
2026-01-01 00:00:00+05:30,"Rodriguez, Figueroa and Sanchez",177.5200000000000000,416.5100000000000000,-238.9900000000000000
2024-07-01 00:00:00+05:30,"Le, Maldonado and Herrera",191.6088888888888889,161.6566666666666667,29.9522222222222222
2024-04-01 00:00:00+05:30,"Romero, Gonzalez and Brooks",198.8600000000000000,64.4900000000000000,134.3700000000000000
2025-01-01 00:00:00+05:30,Clark PLC,184.9033333333333333,211.7666666666666667,-26.8633333333333333
2024-10-01 00:00:00+05:30,"Peterson, Carter and Moore",190.6635000000000000,119.7580000000000000,70.9055000000000000
2025-10-01 00:00:00+05:30,"Rodriguez, Figueroa and Sanchez",177.5200000000000000,207.8914285714285714,-30.3714285714285714
2024-04-01 00:00:00+05:30,Davis-Williams,190.2550000000000000,149.6737500000000000,40.5812500000000000
2024-04-01 00:00:00+05:30,Bernard LLC,207.5925000000000000,327.9305000000000000,-120.3380000000000000
2025-01-01 00:00:00+05:30,Rios Group,202.6800000000000000,137.7328571428571429,64.9471428571428571
2025-04-01 00:00:00+05:30,"Peterson, Carter and Moore",189.6633333333333333,27.3633333333333333,162.3000000000000000
2025-01-01 00:00:00+05:30,Trujillo Group,181.9500000000000000,127.0030000000000000,54.9470000000000000
2024-01-01 00:00:00+05:30,Blair PLC,197.2500000000000000,45.8700000000000000,151.3800000000000000
2024-04-01 00:00:00+05:30,Rios Group,202.6800000000000000,164.8125000000000000,37.8675000000000000
2025-07-01 00:00:00+05:30,"Lee, Jones and Stanley",180.3875000000000000,76.6800000000000000,103.7075000000000000
2024-04-01 00:00:00+05:30,"Reid, Ferguson and Sanchez",200.1016666666666667,559.7616666666666667,-359.6600000000000000
2026-01-01 00:00:00+05:30,"Guzman, Hoffman and Baldwin",202.6825000000000000,278.5475000000000000,-75.8650000000000000
2024-07-01 00:00:00+05:30,"Brown, James and Ferrell",188.3900000000000000,282.5950000000000000,-94.2050000000000000
2025-07-01 00:00:00+05:30,Chavez-Flowers,203.2900000000000000,53.9169230769230769,149.3730769230769231
2026-01-01 00:00:00+05:30,Robinson-Bright,189.6585714285714286,92.7757142857142857,96.8828571428571429
2024-07-01 00:00:00+05:30,"Lee, Jones and Stanley",193.1380000000000000,81.7240000000000000,111.4140000000000000
2026-01-01 00:00:00+05:30,Smith-Hickman,192.2200000000000000,44.4628571428571429,147.7571428571428571
2025-04-01 00:00:00+05:30,Wyatt Inc,203.2900000000000000,423.5600000000000000,-220.2700000000000000
2024-10-01 00:00:00+05:30,Burton Ltd,197.2500000000000000,130.7360000000000000,66.5140000000000000
2025-04-01 00:00:00+05:30,Burton Ltd,197.2500000000000000,103.1200000000000000,94.1300000000000000
2024-01-01 00:00:00+05:30,Wyatt Inc,203.2900000000000000,35.5600000000000000,167.7300000000000000
2025-04-01 00:00:00+05:30,Maddox-Valencia,191.8100000000000000,641.6266666666666667,-449.8166666666666667
2024-07-01 00:00:00+05:30,Dennis Inc,202.6133333333333333,19.0900000000000000,183.5233333333333333
2024-04-01 00:00:00+05:30,Robinson-Lawrence,189.4000000000000000,98.0311111111111111,91.3688888888888889
2025-01-01 00:00:00+05:30,Davis-Williams,193.0233333333333333,68.5866666666666667,124.4366666666666667
2024-07-01 00:00:00+05:30,Miller-Carter,180.7400000000000000,390.6190000000000000,-209.8790000000000000
2025-10-01 00:00:00+05:30,"Brown, James and Ferrell",188.3900000000000000,199.1411111111111111,-10.7511111111111111
2024-10-01 00:00:00+05:30,Miller-Carter,180.7400000000000000,221.4520000000000000,-40.7120000000000000
2025-01-01 00:00:00+05:30,Blair PLC,197.2500000000000000,32.4980000000000000,164.7520000000000000
2026-01-01 00:00:00+05:30,Wyatt Inc,203.2900000000000000,590.4533333333333333,-387.1633333333333333
2025-07-01 00:00:00+05:30,"Reid, Ferguson and Sanchez",190.5050000000000000,270.6428571428571429,-80.1378571428571429
2025-10-01 00:00:00+05:30,Clark PLC,192.7914285714285714,529.0214285714285714,-336.2300000000000000
2025-01-01 00:00:00+05:30,Smith-Hickman,192.2200000000000000,38.9046153846153846,153.3153846153846154
2024-04-01 00:00:00+05:30,Wyatt Inc,203.2900000000000000,49.9600000000000000,153.3300000000000000
2025-07-01 00:00:00+05:30,Anderson Group,178.5857142857142857,94.9385714285714286,83.6471428571428571
2024-10-01 00:00:00+05:30,"Gill, Romero and Rodriguez",185.7700000000000000,21.1400000000000000,164.6300000000000000
2025-07-01 00:00:00+05:30,Wolfe LLC,198.0181818181818182,157.4318181818181818,40.5863636363636364
2024-10-01 00:00:00+05:30,"Baker, Richards and Hurst",180.8450000000000000,133.3725000000000000,47.4725000000000000
2025-04-01 00:00:00+05:30,Baker and Sons,191.4971428571428571,70.9628571428571429,120.5342857142857143
2025-01-01 00:00:00+05:30,"Garcia, Yang and Gardner",186.5800000000000000,141.3000000000000000,45.2800000000000000
2024-07-01 00:00:00+05:30,Burton Ltd,197.2500000000000000,321.2900000000000000,-124.0400000000000000
2024-10-01 00:00:00+05:30,Bernard LLC,207.7252941176470588,238.9923529411764706,-31.2670588235294118
2024-07-01 00:00:00+05:30,Rios Group,202.6800000000000000,164.8050000000000000,37.8750000000000000
2024-07-01 00:00:00+05:30,Trujillo Group,181.9500000000000000,405.8200000000000000,-223.8700000000000000
2025-07-01 00:00:00+05:30,"Peterson, Carter and Moore",186.4766666666666667,252.0150000000000000,-65.5383333333333333
2025-04-01 00:00:00+05:30,"Brown, James and Ferrell",188.3900000000000000,393.4675000000000000,-205.0775000000000000
2024-01-01 00:00:00+05:30,"Gill, Romero and Rodriguez",183.6575000000000000,273.5875000000000000,-89.9300000000000000
2026-01-01 00:00:00+05:30,Robinson-Lawrence,189.4000000000000000,104.2116666666666667,85.1883333333333333
2024-04-01 00:00:00+05:30,Nelson-Schaefer,205.3000000000000000,124.3966666666666667,80.9033333333333333
2025-01-01 00:00:00+05:30,"Baker, Richards and Hurst",185.4155555555555556,116.1733333333333333,69.2422222222222222
2025-10-01 00:00:00+05:30,Blair PLC,197.2500000000000000,59.3000000000000000,137.9500000000000000
2025-10-01 00:00:00+05:30,Johnson and Sons,186.1800000000000000,144.0650000000000000,42.1150000000000000
2025-07-01 00:00:00+05:30,Johnson and Sons,186.1800000000000000,150.5460000000000000,35.6340000000000000
2024-04-01 00:00:00+05:30,"Brown, James and Ferrell",188.3900000000000000,638.1400000000000000,-449.7500000000000000
2025-10-01 00:00:00+05:30,"Gill, Romero and Rodriguez",180.1366666666666667,206.1255555555555556,-25.9888888888888889
2024-10-01 00:00:00+05:30,"Ashley, Nielsen and Sellers",196.8400000000000000,131.7576923076923077,65.0823076923076923
2024-10-01 00:00:00+05:30,"Garcia, Yang and Gardner",201.3400000000000000,227.5283333333333333,-26.1883333333333333
2024-07-01 00:00:00+05:30,Johnson and Sons,186.1800000000000000,143.2400000000000000,42.9400000000000000
2024-01-01 00:00:00+05:30,Maddox-Valencia,191.8100000000000000,637.4140000000000000,-445.6040000000000000
2024-01-01 00:00:00+05:30,Robinson-Lawrence,189.4000000000000000,182.0475000000000000,7.3525000000000000
2025-01-01 00:00:00+05:30,Nelson-Schaefer,205.3000000000000000,84.3900000000000000,120.9100000000000000
2025-07-01 00:00:00+05:30,Nelson-Schaefer,205.3000000000000000,61.2980000000000000,144.0020000000000000
2025-07-01 00:00:00+05:30,"Rodriguez, Figueroa and Sanchez",177.5200000000000000,264.9310000000000000,-87.4110000000000000
2025-04-01 00:00:00+05:30,Nelson-Schaefer,205.3000000000000000,81.4428571428571429,123.8571428571428571
2024-10-01 00:00:00+05:30,"Lee, Jones and Stanley",178.5660000000000000,26.0920000000000000,152.4740000000000000
2024-07-01 00:00:00+05:30,Chavez-Flowers,203.2900000000000000,323.9200000000000000,-120.6300000000000000
2024-07-01 00:00:00+05:30,Blair PLC,197.2500000000000000,52.5714285714285714,144.6785714285714286
2025-10-01 00:00:00+05:30,Dennis Inc,198.5233333333333333,79.6655555555555556,118.8577777777777778
2025-04-01 00:00:00+05:30,Robinson-Bright,191.2100000000000000,149.2600000000000000,41.9500000000000000
2025-10-01 00:00:00+05:30,Bernard LLC,208.7212500000000000,138.7500000000000000,69.9712500000000000
2024-01-01 00:00:00+05:30,Miller-Carter,180.7400000000000000,269.5700000000000000,-88.8300000000000000
2025-10-01 00:00:00+05:30,"Garcia, Yang and Gardner",193.2220000000000000,128.6620000000000000,64.5600000000000000
2026-01-01 00:00:00+05:30,"Peterson, Carter and Moore",200.8683333333333333,231.6033333333333333,-30.7350000000000000
2024-10-01 00:00:00+05:30,Dennis Inc,200.0450000000000000,80.2370000000000000,119.8080000000000000
2024-01-01 00:00:00+05:30,Smith-Hickman,192.2200000000000000,62.6050000000000000,129.6150000000000000
2025-04-01 00:00:00+05:30,Johnson and Sons,186.1800000000000000,146.4175000000000000,39.7625000000000000
2025-07-01 00:00:00+05:30,Dennis Inc,199.0717647058823529,126.0852941176470588,72.9864705882352941
2026-01-01 00:00:00+05:30,Miller-Carter,180.7400000000000000,820.8100000000000000,-640.0700000000000000
2024-10-01 00:00:00+05:30,Robinson-Bright,191.5390909090909091,131.7354545454545455,59.8036363636363636
2025-01-01 00:00:00+05:30,"Rodriguez, Figueroa and Sanchez",177.5200000000000000,367.6807142857142857,-190.1607142857142857
2024-10-01 00:00:00+05:30,Anderson Group,178.2600000000000000,212.6716666666666667,-34.4116666666666667
2026-01-01 00:00:00+05:30,Anderson Group,178.4880000000000000,173.5060000000000000,4.9820000000000000
2024-10-01 00:00:00+05:30,Baker and Sons,196.9788888888888889,94.7100000000000000,102.2688888888888889
2024-04-01 00:00:00+05:30,Blair PLC,197.2500000000000000,36.3383333333333333,160.9116666666666667
2025-10-01 00:00:00+05:30,"Reid, Ferguson and Sanchez",192.5614285714285714,470.8628571428571429,-278.3014285714285714
2024-01-01 00:00:00+05:30,Nelson-Schaefer,205.3000000000000000,196.7466666666666667,8.5533333333333333
2024-01-01 00:00:00+05:30,"Peterson, Carter and Moore",194.5388888888888889,332.3500000000000000,-137.8111111111111111
2025-10-01 00:00:00+05:30,Brown PLC,204.6900000000000000,210.0750000000000000,-5.3850000000000000
2024-01-01 00:00:00+05:30,Robinson-Bright,189.7620000000000000,190.5990000000000000,-0.83700000000000000000
2024-10-01 00:00:00+05:30,Wolfe LLC,196.7230769230769231,142.1807692307692308,54.5423076923076923
2025-04-01 00:00:00+05:30,Clark PLC,190.0050000000000000,145.5383333333333333,44.4666666666666667
2024-07-01 00:00:00+05:30,Robinson-Bright,191.9340000000000000,98.2800000000000000,93.6540000000000000
2025-01-01 00:00:00+05:30,Miller-Carter,180.7400000000000000,348.5975000000000000,-167.8575000000000000
2026-01-01 00:00:00+05:30,Trujillo Group,181.9500000000000000,62.3350000000000000,119.6150000000000000
2024-07-01 00:00:00+05:30,Nelson-Schaefer,205.3000000000000000,133.1950000000000000,72.1050000000000000
2024-01-01 00:00:00+05:30,"Guzman, Hoffman and Baldwin",205.3000000000000000,63.3500000000000000,141.9500000000000000
2024-04-01 00:00:00+05:30,Maddox-Valencia,191.8100000000000000,98.4716666666666667,93.3383333333333333
2026-01-01 00:00:00+05:30,Dennis Inc,204.9000000000000000,5.8300000000000000,199.0700000000000000
2025-07-01 00:00:00+05:30,Robinson-Lawrence,189.4000000000000000,34.3218181818181818,155.0781818181818182
2025-04-01 00:00:00+05:30,"Garcia, Yang and Gardner",188.2830769230769231,158.8776923076923077,29.4053846153846154
2024-07-01 00:00:00+05:30,"Guzman, Hoffman and Baldwin",202.6825000000000000,46.0225000000000000,156.6600000000000000
2025-04-01 00:00:00+05:30,Bernard LLC,209.5275000000000000,201.6100000000000000,7.9175000000000000
2025-10-01 00:00:00+05:30,"Peterson, Carter and Moore",182.9542857142857143,154.8100000000000000,28.1442857142857143
2024-10-01 00:00:00+05:30,Brown PLC,204.6900000000000000,336.2937500000000000,-131.6037500000000000
2024-04-01 00:00:00+05:30,"Gill, Romero and Rodriguez",181.5450000000000000,405.4360000000000000,-223.8910000000000000
2024-10-01 00:00:00+05:30,"Reid, Ferguson and Sanchez",188.1058333333333333,614.3733333333333333,-426.2675000000000000
2026-01-01 00:00:00+05:30,Nelson-Schaefer,205.3000000000000000,68.0850000000000000,137.2150000000000000
2024-01-01 00:00:00+05:30,Wolfe LLC,201.1750000000000000,122.8987500000000000,78.2762500000000000
2024-07-01 00:00:00+05:30,"Gill, Romero and Rodriguez",180.1366666666666667,186.8333333333333333,-6.6966666666666667
2025-07-01 00:00:00+05:30,Clark PLC,188.0185714285714286,139.9385714285714286,48.0800000000000000
2025-01-01 00:00:00+05:30,Maddox-Valencia,191.8100000000000000,71.3300000000000000,120.4800000000000000
2024-07-01 00:00:00+05:30,Wolfe LLC,197.7025000000000000,226.7793750000000000,-29.0768750000000000
2026-01-01 00:00:00+05:30,Burton Ltd,197.2500000000000000,5.4700000000000000,191.7800000000000000
2025-07-01 00:00:00+05:30,Smith-Hickman,192.2200000000000000,45.6737500000000000,146.5462500000000000
2025-04-01 00:00:00+05:30,Dennis Inc,196.1925000000000000,118.4937500000000000,77.6987500000000000
2025-07-01 00:00:00+05:30,"Gill, Romero and Rodriguez",182.0144444444444444,517.4111111111111111,-335.3966666666666667
2025-04-01 00:00:00+05:30,Blair PLC,197.2500000000000000,55.3100000000000000,141.9400000000000000
2025-07-01 00:00:00+05:30,Wyatt Inc,203.2900000000000000,586.6316666666666667,-383.3416666666666667
2025-04-01 00:00:00+05:30,"Ashley, Nielsen and Sellers",196.8400000000000000,120.3823529411764706,76.4576470588235294
2025-01-01 00:00:00+05:30,Baker and Sons,200.7418181818181818,100.1609090909090909,100.5809090909090909
2025-07-01 00:00:00+05:30,"Ashley, Nielsen and Sellers",196.8400000000000000,104.0830000000000000,92.7570000000000000
2025-04-01 00:00:00+05:30,"Lee, Jones and Stanley",200.4240000000000000,65.0520000000000000,135.3720000000000000
2025-01-01 00:00:00+05:30,"Reid, Ferguson and Sanchez",185.7066666666666667,203.7100000000000000,-18.0033333333333333
2024-01-01 00:00:00+05:30,Dennis Inc,200.9750000000000000,83.3775000000000000,117.5975000000000000
2024-07-01 00:00:00+05:30,Robinson-Lawrence,189.4000000000000000,176.5741666666666667,12.8258333333333333
2024-07-01 00:00:00+05:30,Smith-Hickman,192.2200000000000000,53.3561538461538462,138.8638461538461538
2025-10-01 00:00:00+05:30,Robinson-Lawrence,189.4000000000000000,197.4966666666666667,-8.0966666666666667
2024-10-01 00:00:00+05:30,"Romero, Gonzalez and Brooks",198.8600000000000000,37.0140000000000000,161.8460000000000000
2024-04-01 00:00:00+05:30,Wolfe LLC,197.0080000000000000,173.9840000000000000,23.0240000000000000
2025-01-01 00:00:00+05:30,Robinson-Lawrence,189.4000000000000000,143.9157894736842105,45.4842105263157895
2025-01-01 00:00:00+05:30,Brown PLC,204.6900000000000000,351.0453846153846154,-146.3553846153846154
2025-07-01 00:00:00+05:30,"Brown, James and Ferrell",188.3900000000000000,362.3500000000000000,-173.9600000000000000
2024-10-01 00:00:00+05:30,Rios Group,202.6800000000000000,115.2300000000000000,87.4500000000000000
2025-10-01 00:00:00+05:30,"Ashley, Nielsen and Sellers",196.8400000000000000,83.7805263157894737,113.0594736842105263
2025-07-01 00:00:00+05:30,"Baker, Richards and Hurst",179.4875000000000000,162.3937500000000000,17.0937500000000000
2024-07-01 00:00:00+05:30,Bernard LLC,209.2050000000000000,246.9280000000000000,-37.7230000000000000
2024-01-01 00:00:00+05:30,Johnson and Sons,186.1800000000000000,139.0300000000000000,47.1500000000000000
2025-01-01 00:00:00+05:30,"Guzman, Hoffman and Baldwin",196.3257142857142857,53.9185714285714286,142.4071428571428571
2024-10-01 00:00:00+05:30,Johnson and Sons,186.1800000000000000,152.5180000000000000,33.6620000000000000
2026-01-01 00:00:00+05:30,"Gill, Romero and Rodriguez",181.5450000000000000,426.2675000000000000,-244.7225000000000000
2025-01-01 00:00:00+05:30,Bernard LLC,207.9150000000000000,161.0466666666666667,46.8683333333333333
2024-04-01 00:00:00+05:30,"Le, Maldonado and Herrera",188.5700000000000000,67.5830000000000000,120.9870000000000000
2025-04-01 00:00:00+05:30,Wolfe LLC,204.4160000000000000,211.1970000000000000,-6.7810000000000000
2026-01-01 00:00:00+05:30,Chavez-Flowers,203.2900000000000000,186.2200000000000000,17.0700000000000000
2025-10-01 00:00:00+05:30,Baker and Sons,196.6433333333333333,125.1400000000000000,71.5033333333333333
2024-10-01 00:00:00+05:30,Wyatt Inc,203.2900000000000000,542.9275000000000000,-339.6375000000000000
2026-01-01 00:00:00+05:30,"Garcia, Yang and Gardner",197.6500000000000000,81.6550000000000000,115.9950000000000000
2025-10-01 00:00:00+05:30,Nelson-Schaefer,205.3000000000000000,127.8816666666666667,77.4183333333333333
2024-01-01 00:00:00+05:30,Brown PLC,204.6900000000000000,269.1616666666666667,-64.4716666666666667
2024-07-01 00:00:00+05:30,Clark PLC,189.5048000000000000,335.6184000000000000,-146.1136000000000000
2025-10-01 00:00:00+05:30,Wolfe LLC,199.7018181818181818,185.4700000000000000,14.2318181818181818
2025-10-01 00:00:00+05:30,Anderson Group,178.8300000000000000,178.3650000000000000,0.46500000000000000000
2025-07-01 00:00:00+05:30,Baker and Sons,200.1927272727272727,120.2100000000000000,79.9827272727272727
2026-01-01 00:00:00+05:30,"Brown, James and Ferrell",188.3900000000000000,195.8840000000000000,-7.4940000000000000
2025-07-01 00:00:00+05:30,Rios Group,202.6800000000000000,135.5785714285714286,67.1014285714285714
2024-04-01 00:00:00+05:30,"Guzman, Hoffman and Baldwin",201.8100000000000000,98.3233333333333333,103.4866666666666667
2025-01-01 00:00:00+05:30,Chavez-Flowers,203.2900000000000000,170.0636363636363636,33.2263636363636364
2024-04-01 00:00:00+05:30,Johnson and Sons,186.1800000000000000,143.4400000000000000,42.7400000000000000
2026-01-01 00:00:00+05:30,Bernard LLC,206.3025000000000000,455.0300000000000000,-248.7275000000000000
2024-01-01 00:00:00+05:30,"Le, Maldonado and Herrera",187.1816666666666667,289.5183333333333333,-102.3366666666666667
2024-04-01 00:00:00+05:30,"Lee, Jones and Stanley",192.0971428571428571,81.1200000000000000,110.9771428571428571
2024-10-01 00:00:00+05:30,Davis-Williams,191.0100000000000000,85.6340000000000000,105.3760000000000000
2025-04-01 00:00:00+05:30,Miller-Carter,180.7400000000000000,410.3690000000000000,-229.6290000000000000
2024-01-01 00:00:00+05:30,"Ashley, Nielsen and Sellers",196.8400000000000000,294.4460000000000000,-97.6060000000000000
2025-10-01 00:00:00+05:30,Smith-Hickman,192.2200000000000000,59.6500000000000000,132.5700000000000000
2024-04-01 00:00:00+05:30,"Baker, Richards and Hurst",183.5138461538461538,137.5646153846153846,45.9492307692307692
2024-07-01 00:00:00+05:30,"Rodriguez, Figueroa and Sanchez",177.5200000000000000,361.9885714285714286,-184.4685714285714286
2026-01-01 00:00:00+05:30,"Ashley, Nielsen and Sellers",196.8400000000000000,184.3980000000000000,12.4420000000000000
2024-04-01 00:00:00+05:30,Baker and Sons,188.5933333333333333,89.6900000000000000,98.9033333333333333
2024-07-01 00:00:00+05:30,Baker and Sons,184.2031250000000000,116.5312500000000000,67.6718750000000000
2024-01-01 00:00:00+05:30,"Garcia, Yang and Gardner",201.3400000000000000,219.3800000000000000,-18.0400000000000000
2024-04-01 00:00:00+05:30,Miller-Carter,180.7400000000000000,516.6620000000000000,-335.9220000000000000
2025-04-01 00:00:00+05:30,"Gill, Romero and Rodriguez",182.3900000000000000,563.2300000000000000,-380.8400000000000000
2025-10-01 00:00:00+05:30,Wyatt Inc,203.2900000000000000,421.6875000000000000,-218.3975000000000000
2025-04-01 00:00:00+05:30,Brown PLC,204.6900000000000000,253.0477777777777778,-48.3577777777777778
2025-01-01 00:00:00+05:30,Wolfe LLC,194.6509090909090909,134.7172727272727273,59.9336363636363636
2024-01-01 00:00:00+05:30,Trujillo Group,181.9500000000000000,24.4033333333333333,157.5466666666666667
2025-01-01 00:00:00+05:30,Anderson Group,177.1200000000000000,148.7600000000000000,28.3600000000000000
2025-04-01 00:00:00+05:30,Rios Group,202.6800000000000000,109.9822222222222222,92.6977777777777778
2025-10-01 00:00:00+05:30,Robinson-Bright,191.2100000000000000,147.1125000000000000,44.0975000000000000
2024-10-01 00:00:00+05:30,Chavez-Flowers,203.2900000000000000,211.3812500000000000,-8.0912500000000000
2024-10-01 00:00:00+05:30,Blair PLC,197.2500000000000000,51.0685714285714286,146.1814285714285714
2024-04-01 00:00:00+05:30,Anderson Group,178.0971428571428571,152.6414285714285714,25.4557142857142857
2025-04-01 00:00:00+05:30,Smith-Hickman,192.2200000000000000,48.9557142857142857,143.2642857142857143
2025-04-01 00:00:00+05:30,Davis-Williams,192.0166666666666667,111.9422222222222222,80.0744444444444444
2024-10-01 00:00:00+05:30,"Guzman, Hoffman and Baldwin",201.8100000000000000,91.3575000000000000,110.4525000000000000
2025-07-01 00:00:00+05:30,Robinson-Bright,191.9340000000000000,56.1000000000000000,135.8340000000000000
2025-10-01 00:00:00+05:30,"Le, Maldonado and Herrera",198.3500000000000000,43.5250000000000000,154.8250000000000000
2024-04-01 00:00:00+05:30,"Ashley, Nielsen and Sellers",196.8400000000000000,87.6340000000000000,109.2060000000000000
2024-07-01 00:00:00+05:30,"Peterson, Carter and Moore",194.5736363636363636,175.3927272727272727,19.1809090909090909
2025-07-01 00:00:00+05:30,Bernard LLC,206.8400000000000000,374.2233333333333333,-167.3833333333333333
2026-01-01 00:00:00+05:30,Rios Group,202.6800000000000000,89.8300000000000000,112.8500000000000000
2026-01-01 00:00:00+05:30,Davis-Williams,187.9900000000000000,215.6183333333333333,-27.6283333333333333
2024-10-01 00:00:00+05:30,"Rodriguez, Figueroa and Sanchez",177.5200000000000000,256.4615000000000000,-78.9415000000000000
2024-01-01 00:00:00+05:30,"Reid, Ferguson and Sanchez",190.5050000000000000,798.7716666666666667,-608.2666666666666667
2025-04-01 00:00:00+05:30,Chavez-Flowers,203.2900000000000000,53.2438461538461538,150.0461538461538462
2025-04-01 00:00:00+05:30,"Rodriguez, Figueroa and Sanchez",177.5200000000000000,112.4512500000000000,65.0687500000000000
2026-01-01 00:00:00+05:30,"Romero, Gonzalez and Brooks",198.8600000000000000,38.4450000000000000,160.4150000000000000
2025-01-01 00:00:00+05:30,"Peterson, Carter and Moore",194.9556250000000000,130.3537500000000000,64.6018750000000000
2024-01-01 00:00:00+05:30,"Rodriguez, Figueroa and Sanchez",177.5200000000000000,230.3216666666666667,-52.8016666666666667
2025-04-01 00:00:00+05:30,"Romero, Gonzalez and Brooks",198.8600000000000000,53.6100000000000000,145.2500000000000000
2025-01-01 00:00:00+05:30,Johnson and Sons,186.1800000000000000,138.4466666666666667,47.7333333333333333
2024-07-01 00:00:00+05:30,Davis-Williams,190.1471428571428571,271.2550000000000000,-81.1078571428571429
2025-04-01 00:00:00+05:30,"Le, Maldonado and Herrera",190.0354545454545455,235.1154545454545455,-45.0800000000000000
2025-07-01 00:00:00+05:30,Maddox-Valencia,191.8100000000000000,57.0800000000000000,134.7300000000000000
2024-04-01 00:00:00+05:30,Chavez-Flowers,203.2900000000000000,258.6030000000000000,-55.3130000000000000
2025-07-01 00:00:00+05:30,Trujillo Group,181.9500000000000000,33.0166666666666667,148.9333333333333333
2024-07-01 00:00:00+05:30,"Garcia, Yang and Gardner",193.9600000000000000,185.4266666666666667,8.5333333333333333
2024-04-01 00:00:00+05:30,Dennis Inc,201.1400000000000000,65.1958333333333333,135.9441666666666667
2025-10-01 00:00:00+05:30,Miller-Carter,180.7400000000000000,479.8333333333333333,-299.0933333333333333
2025-01-01 00:00:00+05:30,"Le, Maldonado and Herrera",178.4275000000000000,268.4200000000000000,-89.9925000000000000
2025-04-01 00:00:00+05:30,Anderson Group,177.6085714285714286,437.0985714285714286,-259.4900000000000000
2025-01-01 00:00:00+05:30,Dennis Inc,198.5233333333333333,127.1683333333333333,71.3550000000000000
2024-01-01 00:00:00+05:30,Clark PLC,190.7050000000000000,29.7925000000000000,160.9125000000000000
2024-07-01 00:00:00+05:30,Anderson Group,180.1125000000000000,59.8875000000000000,120.2250000000000000
2024-01-01 00:00:00+05:30,Burton Ltd,197.2500000000000000,6.0300000000000000,191.2200000000000000
2025-01-01 00:00:00+05:30,"Lee, Jones and Stanley",189.4950000000000000,53.0316666666666667,136.4633333333333333
2025-01-01 00:00:00+05:30,Wyatt Inc,203.2900000000000000,339.8600000000000000,-136.5700000000000000
2025-07-01 00:00:00+05:30,"Romero, Gonzalez and Brooks",198.8600000000000000,29.3457142857142857,169.5142857142857143
2025-07-01 00:00:00+05:30,"Guzman, Hoffman and Baldwin",200.8128571428571429,68.8357142857142857,131.9771428571428571
2024-01-01 00:00:00+05:30,"Brown, James and Ferrell",188.3900000000000000,245.9500000000000000,-57.5600000000000000
2024-10-01 00:00:00+05:30,Smith-Hickman,192.2200000000000000,42.1772727272727273,150.0427272727272727
2026-01-01 00:00:00+05:30,"Reid, Ferguson and Sanchez",185.7066666666666667,440.8911111111111111,-255.1844444444444444
2025-04-01 00:00:00+05:30,Robinson-Lawrence,189.4000000000000000,129.1142857142857143,60.2857142857142857
2024-04-01 00:00:00+05:30,Brown PLC,204.6900000000000000,469.4237500000000000,-264.7337500000000000
2025-10-01 00:00:00+05:30,"Romero, Gonzalez and Brooks",198.8600000000000000,43.9733333333333333,154.8866666666666667
2025-07-01 00:00:00+05:30,Brown PLC,204.6900000000000000,343.0269230769230769,-138.3369230769230769
2024-01-01 00:00:00+05:30,Rios Group,202.6800000000000000,5.7250000000000000,196.9550000000000000
2024-04-01 00:00:00+05:30,"Rodriguez, Figueroa and Sanchez",177.5200000000000000,330.7800000000000000,-153.2600000000000000
2025-01-01 00:00:00+05:30,"Gill, Romero and Rodriguez",179.4325000000000000,294.0962500000000000,-114.6637500000000000
2026-01-01 00:00:00+05:30,Clark PLC,187.8185714285714286,337.9885714285714286,-150.1700000000000000
2025-10-01 00:00:00+05:30,Chavez-Flowers,203.2900000000000000,229.1514285714285714,-25.8614285714285714
2024-04-01 00:00:00+05:30,Burton Ltd,197.2500000000000000,316.5100000000000000,-119.2600000000000000
2024-01-01 00:00:00+05:30,Davis-Williams,191.0100000000000000,243.9066666666666667,-52.8966666666666667
2024-01-01 00:00:00+05:30,"Baker, Richards and Hurst",188.3900000000000000,57.0933333333333333,131.2966666666666667
2024-07-01 00:00:00+05:30,Wyatt Inc,203.2900000000000000,217.3880000000000000,-14.0980000000000000
2024-10-01 00:00:00+05:30,Clark PLC,190.4250000000000000,251.4530000000000000,-61.0280000000000000
2025-10-01 00:00:00+05:30,Davis-Williams,192.1715384615384615,165.4692307692307692,26.7023076923076923
2025-04-01 00:00:00+05:30,"Guzman, Hoffman and Baldwin",198.3200000000000000,77.8886666666666667,120.4313333333333333
2026-01-01 00:00:00+05:30,Blair PLC,197.2500000000000000,47.8500000000000000,149.4000000000000000
2026-01-01 00:00:00+05:30,Brown PLC,204.6900000000000000,124.1100000000000000,80.5800000000000000
2025-07-01 00:00:00+05:30,Miller-Carter,180.7400000000000000,274.3814285714285714,-93.6414285714285714
2025-04-01 00:00:00+05:30,Trujillo Group,181.9500000000000000,137.2850000000000000,44.6650000000000000
2026-01-01 00:00:00+05:30,"Lee, Jones and Stanley",179.3755555555555556,72.0600000000000000,107.3155555555555556
2025-01-01 00:00:00+05:30,"Romero, Gonzalez and Brooks",198.8600000000000000,31.8383333333333333,167.0216666666666667
2024-10-01 00:00:00+05:30,Maddox-Valencia,191.8100000000000000,146.9266666666666667,44.8833333333333333
2024-10-01 00:00:00+05:30,"Le, Maldonado and Herrera",187.8714285714285714,148.5400000000000000,39.3314285714285714
2025-01-01 00:00:00+05:30,Robinson-Bright,191.8488235294117647,162.9911764705882353,28.8576470588235294
2025-10-01 00:00:00+05:30,"Lee, Jones and Stanley",196.5007692307692308,104.8392307692307692,91.6615384615384615
2024-07-01 00:00:00+05:30,"Ashley, Nielsen and Sellers",196.8400000000000000,68.1605263157894737,128.6794736842105263
2024-04-01 00:00:00+05:30,Trujillo Group,181.9500000000000000,78.5712500000000000,103.3787500000000000
2025-10-01 00:00:00+05:30,Trujillo Group,181.9500000000000000,141.1500000000000000,40.8000000000000000
2024-04-01 00:00:00+05:30,Smith-Hickman,192.2200000000000000,42.9309090909090909,149.2890909090909091
2024-07-01 00:00:00+05:30,"Baker, Richards and Hurst",186.3381250000000000,114.3293750000000000,72.0087500000000000
2026-01-01 00:00:00+05:30,Wolfe LLC,202.3325000000000000,178.9531250000000000,23.3793750000000000
2025-10-01 00:00:00+05:30,Rios Group,202.6800000000000000,160.4300000000000000,42.2500000000000000
